{"train/loss_rpn_cls": 0.0003180624731612625, "train/loss_rpn_bbox": 0.0009931641376169863, "train/s0.loss_cls": 0.011142966942861677, "train/s0.acc": 99.56787109375, "train/s0.loss_bbox": 0.0035825697297696022, "train/s1.loss_cls": 0.003511857765261084, "train/s1.acc": 99.70900192260743, "train/s1.loss_bbox": 0.005841513065388426, "train/s2.loss_cls": 0.0017312028910964727, "train/s2.acc": 99.7274013519287, "train/s2.loss_bbox": 0.006748988851904869, "train/loss": 0.03387032626196742, "train/grad_norm": 1.0337206721305847, "learning_rate": 0.005, "momentum": 0.9, "_timestamp": 1666966256.6235788, "_runtime": 4180.894082784653, "_step": 5674, "val/mAP": 0.8029048442840576, "val/AP50": 0.803, "_wandb": {"runtime": 4187}}